node1	node2	node1_string_internal_id	node2_string_internal_id	node1_external_id	node2_external_id	neighborhood_on_chromosome	gene_fusion	phylogenetic_cooccurrence	homology	coexpression	experimentally_determined_interaction	database_annotated	automated_textmining	combined_score
Ccnb2	Cdc20	5020959	5015947	10090.ENSMUSP00000034742	10090.ENSMUSP00000006565	0	0	0	0	0.978	0.737	0.900	0.841	0.999
Mcm5	Mcm7	5034671	5015302	10090.ENSMUSP00000126135	10090.ENSMUSP00000000505	0	0	0	0.771	0.999	0.799	0.900	0.887	0.999
Mcm3	Mcm4	5025080	5017791	10090.ENSMUSP00000059192	10090.ENSMUSP00000023353	0	0	0	0.734	0.970	0.799	0.900	0.937	0.999
Mcm5	Mcm6	5034671	5018856	10090.ENSMUSP00000126135	10090.ENSMUSP00000027601	0	0	0	0.749	0.999	0.856	0.900	0.930	0.999
Mcm5	Mcm4	5034671	5017791	10090.ENSMUSP00000126135	10090.ENSMUSP00000023353	0	0	0	0.775	0.999	0.799	0.900	0.930	0.999
Mcm6	Mcm7	5018856	5015302	10090.ENSMUSP00000027601	10090.ENSMUSP00000000505	0	0	0.246	0.777	0.999	0.856	0.900	0.887	0.999
Mcm3	Cdt1	5025080	5015976	10090.ENSMUSP00000059192	10090.ENSMUSP00000006760	0	0	0	0	0.930	0.153	0.900	0.880	0.999
Cct7	Cct3	5020157	5015408	10090.ENSMUSP00000032078	10090.ENSMUSP00000001452	0	0	0.350	0.824	0.999	0.806	0.900	0.889	0.999
Mcm5	Mcm2	5034671	5025465	10090.ENSMUSP00000126135	10090.ENSMUSP00000061923	0	0	0	0.776	0.999	0.856	0.900	0.824	0.999
Mcm2	Mcm3	5025465	5025080	10090.ENSMUSP00000061923	10090.ENSMUSP00000059192	0	0	0	0.738	0.987	0.917	0.900	0.826	0.999
Mcm2	Mcm6	5025465	5018856	10090.ENSMUSP00000061923	10090.ENSMUSP00000027601	0	0	0.242	0.755	0.999	0.856	0.900	0.795	0.999
Mcm5	Cdt1	5034671	5015976	10090.ENSMUSP00000126135	10090.ENSMUSP00000006760	0	0	0	0	0.941	0.153	0.900	0.840	0.999
Mcm5	Mcm3	5034671	5025080	10090.ENSMUSP00000126135	10090.ENSMUSP00000059192	0	0	0.225	0.742	0.983	0.890	0.900	0.959	0.999
Mcm6	Cdt1	5018856	5015976	10090.ENSMUSP00000027601	10090.ENSMUSP00000006760	0	0	0	0	0.910	0.572	0.900	0.915	0.999
Nop56	Dkc1	5030927	5020634	10090.ENSMUSP00000099487	10090.ENSMUSP00000033776	0.112	0	0	0	0.900	0.766	0.720	0.882	0.999
Rpn2	Rpn1	5033326	5020176	10090.ENSMUSP00000112081	10090.ENSMUSP00000032143	0	0	0	0	0.829	0.790	0.800	0.915	0.999
Mcm4	Cdt1	5017791	5015976	10090.ENSMUSP00000023353	10090.ENSMUSP00000006760	0	0	0	0	0.914	0.153	0.900	0.881	0.999
Mcm4	Mcm7	5017791	5015302	10090.ENSMUSP00000023353	10090.ENSMUSP00000000505	0	0	0	0.797	0.999	0.856	0.900	0.893	0.999
Uqcrc1	Cyc1	5018631	5017751	10090.ENSMUSP00000026743	10090.ENSMUSP00000023210	0	0	0	0	0.915	0.896	0.900	0.711	0.999
Mcm6	Mcm4	5018856	5017791	10090.ENSMUSP00000027601	10090.ENSMUSP00000023353	0	0	0	0.727	0.999	0.856	0.900	0.938	0.999
Mcm2	Mcm7	5025465	5015302	10090.ENSMUSP00000061923	10090.ENSMUSP00000000505	0	0	0	0.783	0.999	0.856	0.900	0.738	0.999
Tcp1	Cct7	5033847	5020157	10090.ENSMUSP00000116108	10090.ENSMUSP00000032078	0	0	0.222	0.827	0.934	0.893	0.900	0.863	0.999
Cdt1	Mcm7	5015976	5015302	10090.ENSMUSP00000006760	10090.ENSMUSP00000000505	0	0	0	0	0.927	0.155	0.900	0.856	0.999
Mcm2	Cdt1	5025465	5015976	10090.ENSMUSP00000061923	10090.ENSMUSP00000006760	0	0	0	0	0.939	0.591	0.900	0.757	0.999
Mcm3	Mcm7	5025080	5015302	10090.ENSMUSP00000059192	10090.ENSMUSP00000000505	0	0	0.240	0.777	0.975	0.917	0.900	0.889	0.999
Rrm1	Rrm2	5020494	5017063	10090.ENSMUSP00000033283	10090.ENSMUSP00000020980	0	0	0.447	0	0.902	0.779	0.900	0.967	0.999
Mcm3	Mcm6	5025080	5018856	10090.ENSMUSP00000059192	10090.ENSMUSP00000027601	0	0	0.230	0.735	0.970	0.856	0.900	0.936	0.999
Mcm2	Mcm4	5025465	5017791	10090.ENSMUSP00000061923	10090.ENSMUSP00000023353	0	0	0	0.742	0.999	0.856	0.900	0.826	0.999
Tcp1	Cct3	5033847	5015408	10090.ENSMUSP00000116108	10090.ENSMUSP00000001452	0	0	0.284	0.810	0.910	0.880	0.900	0.842	0.999
Cct6a	Cct3	5019982	5015408	10090.ENSMUSP00000031402	10090.ENSMUSP00000001452	0	0	0.294	0.763	0.916	0.732	0.900	0.843	0.998
Rpa2	Mcm2	5030993	5025465	10090.ENSMUSP00000099621	10090.ENSMUSP00000061923	0	0	0	0	0.900	0.768	0.900	0.454	0.998
Farsb	Farsa	5035347	5015698	10090.ENSMUSP00000129828	10090.ENSMUSP00000003906	0.139	0	0	0	0.801	0.821	0.900	0.647	0.998
Tcp1	Cct6a	5033847	5019982	10090.ENSMUSP00000116108	10090.ENSMUSP00000031402	0	0	0.248	0.721	0.952	0.728	0.900	0.882	0.998
Tcp1	Cct8	5033847	5018627	10090.ENSMUSP00000116108	10090.ENSMUSP00000026704	0	0	0	0.763	0.938	0.788	0.900	0.899	0.998
Cct7	Cct8	5020157	5018627	10090.ENSMUSP00000032078	10090.ENSMUSP00000026704	0	0	0.373	0.736	0.913	0.794	0.900	0.900	0.998
Dnmt1	Uhrf1	5015730	5015393	10090.ENSMUSP00000004202	10090.ENSMUSP00000001258	0.164	0	0	0	0.648	0.552	0.900	0.909	0.998
Cct8	Cct3	5018627	5015408	10090.ENSMUSP00000026704	10090.ENSMUSP00000001452	0	0	0.257	0.742	0.886	0.799	0.900	0.869	0.998
Cct6a	Cct8	5019982	5018627	10090.ENSMUSP00000031402	10090.ENSMUSP00000026704	0	0	0.276	0.615	0.850	0.730	0.900	0.853	0.997
Dut	Tyms	5028208	5018647	10090.ENSMUSP00000080767	10090.ENSMUSP00000026846	0.187	0	0	0	0.825	0.199	0.900	0.797	0.997
Rpa2	Mcm4	5030993	5017791	10090.ENSMUSP00000099621	10090.ENSMUSP00000023353	0	0	0	0	0.771	0.768	0.900	0.544	0.997
Mcm5	Rpa2	5034671	5030993	10090.ENSMUSP00000126135	10090.ENSMUSP00000099621	0	0	0	0	0.880	0.768	0.900	0.346	0.997
Rpn2	Stt3b	5033326	5021053	10090.ENSMUSP00000112081	10090.ENSMUSP00000035010	0	0	0	0	0.737	0.726	0.800	0.828	0.997
Ndufa10	Uqcrc1	5018820	5018631	10090.ENSMUSP00000027478	10090.ENSMUSP00000026743	0	0	0	0	0.772	0.739	0.900	0.480	0.996
Ndufa10	Cyc1	5018820	5017751	10090.ENSMUSP00000027478	10090.ENSMUSP00000023210	0	0	0	0	0.813	0.664	0.900	0.471	0.996
Stt3b	Rpn1	5021053	5020176	10090.ENSMUSP00000035010	10090.ENSMUSP00000032143	0	0	0	0	0.681	0.737	0.800	0.791	0.996
Rpa2	Tipin	5030993	5021037	10090.ENSMUSP00000099621	10090.ENSMUSP00000034964	0	0	0	0	0.512	0.856	0.900	0.613	0.996
Rpa2	Mcm3	5030993	5025080	10090.ENSMUSP00000099621	10090.ENSMUSP00000059192	0	0	0	0	0.790	0.768	0.900	0.437	0.996
Mcm5	Prim1	5034671	5018552	10090.ENSMUSP00000126135	10090.ENSMUSP00000026461	0	0	0	0	0.917	0.092	0.900	0.626	0.996
Cct7	Cct6a	5020157	5019982	10090.ENSMUSP00000032078	10090.ENSMUSP00000031402	0	0	0.346	0.738	0.838	0.730	0.900	0.865	0.996
Mcm3	Prim1	5025080	5018552	10090.ENSMUSP00000059192	10090.ENSMUSP00000026461	0	0	0	0	0.917	0.072	0.900	0.498	0.995
Prim1	Mcm4	5018552	5017791	10090.ENSMUSP00000026461	10090.ENSMUSP00000023353	0	0	0	0	0.915	0.118	0.900	0.450	0.995
Prim1	Mcm7	5018552	5015302	10090.ENSMUSP00000026461	10090.ENSMUSP00000000505	0	0	0	0	0.924	0.072	0.900	0.436	0.995
Mcm2	Prim1	5025465	5018552	10090.ENSMUSP00000061923	10090.ENSMUSP00000026461	0	0	0	0	0.908	0.128	0.900	0.520	0.995
Hspd1	Hspa9	5018714	5018181	10090.ENSMUSP00000027123	10090.ENSMUSP00000025217	0.045	0	0	0	0.917	0.661	0	0.854	0.995
Pcna	Prim1	5019171	5018552	10090.ENSMUSP00000028817	10090.ENSMUSP00000026461	0.172	0	0	0	0.883	0	0.900	0.494	0.994
Uqcrc1	Sdha	5018631	5017394	10090.ENSMUSP00000026743	10090.ENSMUSP00000022062	0	0	0	0	0.803	0.045	0.900	0.750	0.994
Mcm6	Prim1	5018856	5018552	10090.ENSMUSP00000027601	10090.ENSMUSP00000026461	0	0	0	0	0.872	0.072	0.900	0.580	0.994
Rpa2	Mcm7	5030993	5015302	10090.ENSMUSP00000099621	10090.ENSMUSP00000000505	0	0	0	0	0.854	0.201	0.900	0.514	0.993
Cyc1	Sdha	5017751	5017394	10090.ENSMUSP00000023210	10090.ENSMUSP00000022062	0	0	0	0	0.801	0.179	0.900	0.661	0.993
Stip1	Dnajb1	5018405	5015854	10090.ENSMUSP00000025918	10090.ENSMUSP00000005620	0	0	0	0	0.639	0.293	0.900	0.748	0.992
Rpa2	Pcna	5030993	5019171	10090.ENSMUSP00000099621	10090.ENSMUSP00000028817	0	0	0	0	0.861	0.154	0.900	0.395	0.991
Cenpa	Hjurp	5034288	5024308	10090.ENSMUSP00000122831	10090.ENSMUSP00000054263	0	0	0	0	0.271	0.314	0.900	0.837	0.990
Cenpa	Cdc20	5034288	5015947	10090.ENSMUSP00000122831	10090.ENSMUSP00000006565	0	0	0	0	0.702	0.135	0.900	0.597	0.988
Fh1	Cs	5018909	5015876	10090.ENSMUSP00000027810	10090.ENSMUSP00000005826	0.042	0	0	0	0.610	0.155	0.800	0.837	0.987
Rpa2	Prim1	5030993	5018552	10090.ENSMUSP00000099621	10090.ENSMUSP00000026461	0	0	0	0	0.636	0.417	0.900	0.486	0.987
Pcx	Cs	5025733	5015876	10090.ENSMUSP00000063825	10090.ENSMUSP00000005826	0.167	0	0	0	0.062	0.050	0.900	0.847	0.986
Prdx3	Txn2	5018419	5015836	10090.ENSMUSP00000025961	10090.ENSMUSP00000005487	0.043	0	0	0	0.195	0.231	0.900	0.789	0.985
Mcm5	Cdc20	5034671	5015947	10090.ENSMUSP00000126135	10090.ENSMUSP00000006565	0	0	0	0	0.966	0.118	0	0.534	0.984
Rsl1d1	Nop56	5033573	5030927	10090.ENSMUSP00000113431	10090.ENSMUSP00000099487	0	0	0	0	0.888	0.794	0	0.386	0.984
Fh1	Sdha	5018909	5017394	10090.ENSMUSP00000027810	10090.ENSMUSP00000022062	0.193	0	0	0	0.373	0.072	0.900	0.709	0.983
Rpa2	Mcm6	5030993	5018856	10090.ENSMUSP00000099621	10090.ENSMUSP00000027601	0	0	0	0	0.635	0.201	0.900	0.478	0.982
Top2a	Mki67	5026327	5020499	10090.ENSMUSP00000068896	10090.ENSMUSP00000033310	0	0	0	0	0.964	0	0	0.538	0.982
Hspa9	Dnajb1	5018181	5015854	10090.ENSMUSP00000025217	10090.ENSMUSP00000005620	0.043	0	0.398	0	0.145	0.201	0.900	0.640	0.982
Top2a	Cdc20	5026327	5015947	10090.ENSMUSP00000068896	10090.ENSMUSP00000006565	0	0	0	0	0.956	0	0	0.561	0.980
Pcna	Mcm4	5019171	5017791	10090.ENSMUSP00000028817	10090.ENSMUSP00000023353	0	0	0	0	0.891	0.683	0	0.419	0.978
Hdac2	Dnmt1	5016767	5015730	10090.ENSMUSP00000019911	10090.ENSMUSP00000004202	0	0	0	0	0.089	0.264	0.900	0.720	0.978
Top2a	Rrm2	5026327	5017063	10090.ENSMUSP00000068896	10090.ENSMUSP00000020980	0	0	0	0	0.943	0	0	0.621	0.977
Cenpa	Ccnb2	5034288	5020959	10090.ENSMUSP00000122831	10090.ENSMUSP00000034742	0	0	0	0	0.499	0.097	0.900	0.528	0.975
Tuba4a	Tubb5	5037175	5015428	10090.ENSMUSP00000140657	10090.ENSMUSP00000001566	0	0	0	0.920	0.233	0.691	0.900	0.590	0.975
Top2a	Ccnb2	5026327	5020959	10090.ENSMUSP00000068896	10090.ENSMUSP00000034742	0	0	0	0	0.938	0.051	0	0.620	0.975
Rrm1	Mcm4	5020494	5017791	10090.ENSMUSP00000033283	10090.ENSMUSP00000023353	0	0	0	0	0.929	0.231	0	0.594	0.975
Atp5b	Cyc1	5018551	5017751	10090.ENSMUSP00000026459	10090.ENSMUSP00000023210	0	0	0	0	0.901	0.046	0	0.760	0.975
Rsl1d1	Gnl3	5033573	5023145	10090.ENSMUSP00000113431	10090.ENSMUSP00000047119	0	0	0	0	0.879	0.451	0	0.645	0.974
Fkbp4	Stip1	5020287	5018405	10090.ENSMUSP00000032508	10090.ENSMUSP00000025918	0	0	0	0	0.420	0.178	0.900	0.525	0.974
Cct8	Pa2g4	5018627	5018538	10090.ENSMUSP00000026704	10090.ENSMUSP00000026425	0	0	0	0	0.747	0	0.900	0.071	0.974
Mcm2	Rrm1	5025465	5020494	10090.ENSMUSP00000061923	10090.ENSMUSP00000033283	0	0	0	0	0.958	0.129	0	0.330	0.973
Mcm2	Tipin	5025465	5021037	10090.ENSMUSP00000061923	10090.ENSMUSP00000034964	0	0	0	0	0.710	0.783	0	0.605	0.973
Tyms	Mthfd1	5018647	5017208	10090.ENSMUSP00000026846	10090.ENSMUSP00000021443	0.171	0	0	0	0.062	0	0.900	0.692	0.972
Pcna	Mcm7	5019171	5015302	10090.ENSMUSP00000028817	10090.ENSMUSP00000000505	0	0	0	0	0.863	0.683	0	0.396	0.971
Nop56	Gnl3	5030927	5023145	10090.ENSMUSP00000099487	10090.ENSMUSP00000047119	0	0	0	0	0.911	0.691	0	0.048	0.971
Rrm1	Mcm7	5020494	5015302	10090.ENSMUSP00000033283	10090.ENSMUSP00000000505	0	0	0	0	0.936	0.129	0	0.519	0.970
Rrm2	Cdc20	5017063	5015947	10090.ENSMUSP00000020980	10090.ENSMUSP00000006565	0	0	0	0	0.931	0.157	0	0.524	0.970
Ldha	Pcx	5031780	5025733	10090.ENSMUSP00000103267	10090.ENSMUSP00000063825	0.056	0	0	0	0.062	0.197	0.900	0.635	0.969
Mcm5	Rrm1	5034671	5020494	10090.ENSMUSP00000126135	10090.ENSMUSP00000033283	0	0	0	0	0.951	0.129	0	0.337	0.969
Mcm3	Rrm1	5025080	5020494	10090.ENSMUSP00000059192	10090.ENSMUSP00000033283	0	0	0	0	0.949	0.129	0	0.342	0.968
Tuba4a	Tubb4b	5037175	5022360	10090.ENSMUSP00000140657	10090.ENSMUSP00000042342	0	0	0	0.918	0.404	0.497	0.900	0.556	0.968
Mcm3	Tipin	5025080	5021037	10090.ENSMUSP00000059192	10090.ENSMUSP00000034964	0	0	0	0	0.791	0.752	0	0.439	0.968
Tipin	Mcm4	5021037	5017791	10090.ENSMUSP00000034964	10090.ENSMUSP00000023353	0	0	0	0	0.757	0.762	0	0.499	0.968
Ppat	Prps1	5034148	5020641	10090.ENSMUSP00000120632	10090.ENSMUSP00000033809	0.076	0	0	0	0.199	0.154	0.900	0.564	0.967
Tipin	Mcm7	5021037	5015302	10090.ENSMUSP00000034964	10090.ENSMUSP00000000505	0	0	0	0	0.766	0.771	0	0.428	0.966
Mki67	Cdc20	5020499	5015947	10090.ENSMUSP00000033310	10090.ENSMUSP00000006565	0	0	0	0	0.939	0	0	0.465	0.966
Rrm1	Tyms	5020494	5018647	10090.ENSMUSP00000033283	10090.ENSMUSP00000026846	0.189	0	0	0	0.862	0	0	0.712	0.965
Dnaja4	Stip1	5026517	5018405	10090.ENSMUSP00000070413	10090.ENSMUSP00000025918	0	0	0	0	0.145	0.366	0.900	0.420	0.964
Cdt1	Cdc20	5015976	5015947	10090.ENSMUSP00000006760	10090.ENSMUSP00000006565	0	0	0	0	0.920	0.123	0	0.517	0.963
Sdhaf2	Sdha	5018293	5017394	10090.ENSMUSP00000025570	10090.ENSMUSP00000022062	0.193	0	0	0	0.062	0.682	0	0.867	0.963
Mcm5	Tipin	5034671	5021037	10090.ENSMUSP00000126135	10090.ENSMUSP00000034964	0	0	0	0	0.847	0.608	0	0.416	0.961
Mcm3	Cdc20	5025080	5015947	10090.ENSMUSP00000059192	10090.ENSMUSP00000006565	0	0	0	0	0.910	0.118	0	0.542	0.960
Tubb4b	Tubb5	5022360	5015428	10090.ENSMUSP00000042342	10090.ENSMUSP00000001566	0	0	0	0.987	0.328	0.457	0.900	0.332	0.960
Uqcrc1	Atp5b	5018631	5018551	10090.ENSMUSP00000026743	10090.ENSMUSP00000026459	0	0	0	0	0.848	0.197	0	0.700	0.960
Mcm5	Rrm2	5034671	5017063	10090.ENSMUSP00000126135	10090.ENSMUSP00000020980	0	0	0	0	0.930	0	0	0.448	0.959
Ccnb2	Rrm2	5020959	5017063	10090.ENSMUSP00000034742	10090.ENSMUSP00000020980	0	0	0	0	0.919	0.051	0	0.510	0.959
Atp5b	Sdha	5018551	5017394	10090.ENSMUSP00000026459	10090.ENSMUSP00000022062	0.046	0	0	0	0.799	0	0	0.805	0.959
Gnl3	Dkc1	5023145	5020634	10090.ENSMUSP00000047119	10090.ENSMUSP00000033776	0.042	0	0	0	0.874	0.617	0	0.231	0.959
Psmd1	Cct8	5018807	5018627	10090.ENSMUSP00000027432	10090.ENSMUSP00000026704	0	0	0	0	0.590	0	0.900	0.064	0.958
Mcm3	Rrm2	5025080	5017063	10090.ENSMUSP00000059192	10090.ENSMUSP00000020980	0	0	0	0	0.940	0	0	0.322	0.958
Rrm2	Mcm7	5017063	5015302	10090.ENSMUSP00000020980	10090.ENSMUSP00000000505	0	0	0	0	0.931	0	0	0.410	0.957
Mcm6	Cdc20	5018856	5015947	10090.ENSMUSP00000027601	10090.ENSMUSP00000006565	0	0	0	0	0.897	0.118	0	0.558	0.956
Cdc20	Mcm7	5015947	5015302	10090.ENSMUSP00000006565	10090.ENSMUSP00000000505	0	0	0	0	0.923	0.118	0	0.412	0.956
Tuba4a	Mapre1	5037175	5019229	10090.ENSMUSP00000140657	10090.ENSMUSP00000028981	0	0	0	0	0.062	0.449	0.900	0.223	0.954
Mcm4	Cdc20	5017791	5015947	10090.ENSMUSP00000023353	10090.ENSMUSP00000006565	0	0	0	0	0.906	0.118	0	0.495	0.954
Sdha	Cs	5017394	5015876	10090.ENSMUSP00000022062	10090.ENSMUSP00000005826	0.172	0	0	0	0.328	0.610	0	0.809	0.953
Rrm1	Prim1	5020494	5018552	10090.ENSMUSP00000033283	10090.ENSMUSP00000026461	0	0	0	0	0.876	0	0	0.630	0.952
Mcm2	Tyms	5025465	5018647	10090.ENSMUSP00000061923	10090.ENSMUSP00000026846	0	0	0	0	0.933	0	0	0.314	0.952
Tubb4b	Mapre1	5022360	5019229	10090.ENSMUSP00000042342	10090.ENSMUSP00000028981	0	0	0	0	0.062	0.417	0.900	0.227	0.952
Mcm5	Tyms	5034671	5018647	10090.ENSMUSP00000126135	10090.ENSMUSP00000026846	0	0	0	0	0.929	0	0	0.337	0.951
Tipin	Prim1	5021037	5018552	10090.ENSMUSP00000034964	10090.ENSMUSP00000026461	0	0	0	0	0.882	0.092	0	0.586	0.951
Mapre1	Tubb5	5019229	5015428	10090.ENSMUSP00000028981	10090.ENSMUSP00000001566	0	0	0	0	0.099	0.417	0.900	0.171	0.950
Cct8	Stip1	5018627	5018405	10090.ENSMUSP00000026704	10090.ENSMUSP00000025918	0	0	0	0	0.807	0	0.720	0.149	0.950
Mcm3	Pcna	5025080	5019171	10090.ENSMUSP00000059192	10090.ENSMUSP00000028817	0	0	0.219	0	0.864	0.246	0	0.428	0.948
Mki67	Rrm2	5020499	5017063	10090.ENSMUSP00000033310	10090.ENSMUSP00000020980	0	0	0	0	0.924	0	0	0.340	0.947
Mcm2	Cdc20	5025465	5015947	10090.ENSMUSP00000061923	10090.ENSMUSP00000006565	0	0	0	0	0.911	0.118	0	0.374	0.947
Mat2a	Dnmt1	5028903	5015730	10090.ENSMUSP00000087118	10090.ENSMUSP00000004202	0.164	0	0	0	0.050	0	0.900	0.406	0.946
Stip1	Cct3	5018405	5015408	10090.ENSMUSP00000025918	10090.ENSMUSP00000001452	0	0	0	0	0.780	0.045	0.720	0.201	0.946
Cct7	Stip1	5020157	5018405	10090.ENSMUSP00000032078	10090.ENSMUSP00000025918	0	0	0	0	0.785	0.045	0.720	0.158	0.945
Mcm5	Pcna	5034671	5019171	10090.ENSMUSP00000126135	10090.ENSMUSP00000028817	0	0	0	0	0.862	0.246	0	0.513	0.945
Gnl3	Pa2g4	5023145	5018538	10090.ENSMUSP00000047119	10090.ENSMUSP00000026425	0	0	0	0	0.766	0.604	0	0.444	0.944
Tubb4b	Psmd1	5022360	5018807	10090.ENSMUSP00000042342	10090.ENSMUSP00000027432	0	0	0	0	0.172	0.079	0.900	0.346	0.943
Fzr1	Cdc20	5033721	5015947	10090.ENSMUSP00000114203	10090.ENSMUSP00000006565	0	0	0.375	0.870	0.102	0.316	0.900	0.852	0.943
Dnaja4	Dnajb1	5026517	5015854	10090.ENSMUSP00000070413	10090.ENSMUSP00000005620	0	0	0.413	0.822	0.192	0.198	0.900	0.746	0.943
Top2a	Sumo3	5026327	5016933	10090.ENSMUSP00000068896	10090.ENSMUSP00000020501	0	0	0	0	0.062	0.126	0.900	0.368	0.941
Mcm5	Ccnb2	5034671	5020959	10090.ENSMUSP00000126135	10090.ENSMUSP00000034742	0	0	0	0	0.863	0.206	0	0.501	0.941
Mcm4	Rrm2	5017791	5017063	10090.ENSMUSP00000023353	10090.ENSMUSP00000020980	0	0	0	0	0.907	0	0	0.381	0.940
Cct8	Tubb5	5018627	5015428	10090.ENSMUSP00000026704	10090.ENSMUSP00000001566	0	0	0	0	0.089	0.199	0.900	0.265	0.939
Mcm5	Uhrf1	5034671	5015393	10090.ENSMUSP00000126135	10090.ENSMUSP00000001258	0	0	0	0	0.933	0.072	0	0.104	0.939
Prdx6	Mapk1	5026699	5025996	10090.ENSMUSP00000071636	10090.ENSMUSP00000065983	0	0	0	0	0.060	0.197	0.900	0.281	0.938
Fzr1	Ccnb2	5033721	5020959	10090.ENSMUSP00000114203	10090.ENSMUSP00000034742	0	0	0	0	0.214	0.688	0.600	0.449	0.938
Bag2	Hspa9	5022305	5018181	10090.ENSMUSP00000042009	10090.ENSMUSP00000025217	0	0	0	0	0.060	0.164	0.900	0.276	0.935
Rrm1	Mcm6	5020494	5018856	10090.ENSMUSP00000033283	10090.ENSMUSP00000027601	0	0	0	0	0.894	0.129	0	0.359	0.935
Cdc20	Uhrf1	5015947	5015393	10090.ENSMUSP00000006565	10090.ENSMUSP00000001258	0	0	0	0	0.917	0	0	0.258	0.935
Top2a	Mcm3	5026327	5025080	10090.ENSMUSP00000068896	10090.ENSMUSP00000059192	0	0	0	0	0.877	0.047	0	0.493	0.935
Mcm2	Uhrf1	5025465	5015393	10090.ENSMUSP00000061923	10090.ENSMUSP00000001258	0	0	0	0	0.925	0.072	0	0.122	0.934
Mcm2	Rrm2	5025465	5017063	10090.ENSMUSP00000061923	10090.ENSMUSP00000020980	0	0	0	0	0.924	0	0	0.168	0.934
Tubb4b	Cct8	5022360	5018627	10090.ENSMUSP00000042342	10090.ENSMUSP00000026704	0	0	0	0	0.089	0.135	0.900	0.245	0.932
Mcm2	Ccnb2	5025465	5020959	10090.ENSMUSP00000061923	10090.ENSMUSP00000034742	0	0	0	0	0.750	0.610	0	0.365	0.932
Rsl1d1	Dkc1	5033573	5020634	10090.ENSMUSP00000113431	10090.ENSMUSP00000033776	0	0	0	0	0.843	0.365	0	0.373	0.932
Top2a	Uhrf1	5026327	5015393	10090.ENSMUSP00000068896	10090.ENSMUSP00000001258	0.043	0	0	0	0.797	0.518	0	0.354	0.931
Mcm6	Rrm2	5018856	5017063	10090.ENSMUSP00000027601	10090.ENSMUSP00000020980	0	0	0	0	0.881	0	0	0.434	0.930
Rrm1	Cdc20	5020494	5015947	10090.ENSMUSP00000033283	10090.ENSMUSP00000006565	0	0	0	0	0.908	0	0	0.263	0.929
Mcm2	Pcna	5025465	5019171	10090.ENSMUSP00000061923	10090.ENSMUSP00000028817	0	0	0	0	0.864	0.246	0	0.353	0.928
Mapk1	Irs2	5025996	5021694	10090.ENSMUSP00000065983	10090.ENSMUSP00000038514	0	0	0	0	0	0.078	0.900	0.283	0.928
Ppat	Gls2	5034148	5023191	10090.ENSMUSP00000120632	10090.ENSMUSP00000047376	0	0	0	0	0	0	0.900	0.309	0.927
Mcm5	Dut	5034671	5028208	10090.ENSMUSP00000126135	10090.ENSMUSP00000080767	0	0	0	0	0.892	0	0	0.352	0.927
Tyms	Rrm2	5018647	5017063	10090.ENSMUSP00000026846	10090.ENSMUSP00000020980	0	0	0	0	0.824	0.046	0	0.603	0.927
Ccnb2	Mki67	5020959	5020499	10090.ENSMUSP00000034742	10090.ENSMUSP00000033310	0	0	0	0	0.868	0	0	0.473	0.927
Eif3b	Dkc1	5030666	5020634	10090.ENSMUSP00000098076	10090.ENSMUSP00000033776	0	0	0	0	0.807	0.608	0	0.103	0.926
Tcp1	Stip1	5033847	5018405	10090.ENSMUSP00000116108	10090.ENSMUSP00000025918	0	0	0	0	0.698	0.045	0.720	0.175	0.924
Mapre1	Cdc20	5019229	5015947	10090.ENSMUSP00000028981	10090.ENSMUSP00000006565	0	0	0	0	0.158	0.049	0.900	0.166	0.924
Pcna	Mcm6	5019171	5018856	10090.ENSMUSP00000028817	10090.ENSMUSP00000027601	0	0	0	0	0.861	0.246	0	0.322	0.923
Tipin	Mcm6	5021037	5018856	10090.ENSMUSP00000034964	10090.ENSMUSP00000027601	0	0	0	0	0.505	0.682	0	0.540	0.921
Rsl1d1	Pa2g4	5033573	5018538	10090.ENSMUSP00000113431	10090.ENSMUSP00000026425	0	0	0	0	0.691	0.633	0	0.359	0.921
Tuba4a	B9d1	5037175	5031047	10090.ENSMUSP00000140657	10090.ENSMUSP00000099717	0	0	0	0	0.060	0.214	0.900	0.050	0.920
Mapk1	Cct8	5025996	5018627	10090.ENSMUSP00000065983	10090.ENSMUSP00000026704	0	0	0	0	0.084	0.197	0.900	0.041	0.920
Mapk1	Psmd1	5025996	5018807	10090.ENSMUSP00000065983	10090.ENSMUSP00000027432	0	0	0	0	0.062	0	0.900	0.220	0.920
Idh3a	Fh1	5034921	5018909	10090.ENSMUSP00000127526	10090.ENSMUSP00000027810	0	0	0	0	0.713	0	0	0.727	0.918
Dut	Mcm4	5028208	5017791	10090.ENSMUSP00000080767	10090.ENSMUSP00000023353	0	0	0	0	0.875	0	0	0.367	0.918
Psmd1	Pa2g4	5018807	5018538	10090.ENSMUSP00000027432	10090.ENSMUSP00000026425	0	0	0	0	0.220	0	0.900	0	0.918
Dlst	Fh1	5025255	5018909	10090.ENSMUSP00000060346	10090.ENSMUSP00000027810	0	0	0	0	0.505	0.058	0.360	0.760	0.918
Rpa2	Rrm1	5030993	5020494	10090.ENSMUSP00000099621	10090.ENSMUSP00000033283	0	0	0	0	0.866	0	0	0.418	0.918
Nup62	Sumo3	5024704	5016933	10090.ENSMUSP00000056785	10090.ENSMUSP00000020501	0	0	0	0	0.089	0	0.900	0.171	0.917
Rrm1	Pcna	5020494	5019171	10090.ENSMUSP00000033283	10090.ENSMUSP00000028817	0	0	0	0	0.866	0	0	0.404	0.917
Mcm3	Tyms	5025080	5018647	10090.ENSMUSP00000059192	10090.ENSMUSP00000026846	0	0	0	0	0.872	0.046	0	0.371	0.916
Dut	Rrm1	5028208	5020494	10090.ENSMUSP00000080767	10090.ENSMUSP00000033283	0.193	0	0	0	0.832	0	0	0.433	0.916
Mapk1	Cyb5r3	5025996	5016564	10090.ENSMUSP00000065983	10090.ENSMUSP00000018186	0	0	0	0	0.061	0.153	0.900	0.075	0.916
Prdx6	Pa2g4	5026699	5018538	10090.ENSMUSP00000071636	10090.ENSMUSP00000026425	0	0	0	0	0.061	0	0.900	0.170	0.915
Tyms	Mcm4	5018647	5017791	10090.ENSMUSP00000026846	10090.ENSMUSP00000023353	0	0	0	0	0.850	0	0	0.454	0.915
Ccnb2	Mapre1	5020959	5019229	10090.ENSMUSP00000034742	10090.ENSMUSP00000028981	0	0	0	0	0.101	0.051	0.900	0.127	0.915
Prdx6	Cyb5r3	5026699	5016564	10090.ENSMUSP00000071636	10090.ENSMUSP00000018186	0	0	0	0	0.108	0	0.900	0.131	0.915
Rrm1	Ak3	5020494	5018329	10090.ENSMUSP00000033283	10090.ENSMUSP00000025696	0	0	0	0	0.062	0	0.900	0.169	0.915
Mapk1	F2r	5025996	5025439	10090.ENSMUSP00000065983	10090.ENSMUSP00000061754	0	0	0	0	0	0.086	0.900	0.153	0.915
Nup62	Hspa9	5024704	5018181	10090.ENSMUSP00000056785	10090.ENSMUSP00000025217	0	0	0	0	0.079	0.046	0.900	0.141	0.914
Tubb4b	Pa2g4	5022360	5018538	10090.ENSMUSP00000042342	10090.ENSMUSP00000026425	0	0	0	0	0.100	0	0.900	0.121	0.914
Idh3a	Cs	5034921	5015876	10090.ENSMUSP00000127526	10090.ENSMUSP00000005826	0.119	0	0	0	0.528	0.355	0	0.716	0.914
Pa2g4	Tubb5	5018538	5015428	10090.ENSMUSP00000026425	10090.ENSMUSP00000001566	0	0	0	0	0.106	0	0.900	0.118	0.914
Idh3a	Atp5b	5034921	5018551	10090.ENSMUSP00000127526	10090.ENSMUSP00000026459	0.052	0	0	0	0.718	0	0	0.702	0.913
Mapk1	Fkbp4	5025996	5020287	10090.ENSMUSP00000065983	10090.ENSMUSP00000032508	0	0	0	0	0	0.156	0.900	0.060	0.913
Cenpa	Mapre1	5034288	5019229	10090.ENSMUSP00000122831	10090.ENSMUSP00000028981	0	0	0	0	0.062	0.049	0.900	0.148	0.913
Mapk1	Tubb5	5025996	5015428	10090.ENSMUSP00000065983	10090.ENSMUSP00000001566	0	0	0	0	0.061	0.123	0.900	0.072	0.913
Nop56	Pa2g4	5030927	5018538	10090.ENSMUSP00000099487	10090.ENSMUSP00000026425	0	0	0	0	0.877	0	0	0.325	0.913
Nup62	Ccnb2	5024704	5020959	10090.ENSMUSP00000056785	10090.ENSMUSP00000034742	0	0	0	0	0.133	0	0.900	0.075	0.912
Hspd1	Stip1	5018714	5018405	10090.ENSMUSP00000027123	10090.ENSMUSP00000025918	0	0	0	0	0.758	0.045	0	0.650	0.912
Mapk1	Tubb4b	5025996	5022360	10090.ENSMUSP00000065983	10090.ENSMUSP00000042342	0	0	0	0	0.061	0.123	0.900	0.054	0.911
Dlst	Sdha	5025255	5017394	10090.ENSMUSP00000060346	10090.ENSMUSP00000022062	0.164	0	0	0	0.807	0	0	0.496	0.911
Tyms	Prim1	5018647	5018552	10090.ENSMUSP00000026846	10090.ENSMUSP00000026461	0	0	0	0	0.870	0	0	0.337	0.910
Psmd1	Tubb5	5018807	5015428	10090.ENSMUSP00000027432	10090.ENSMUSP00000001566	0	0	0	0	0.062	0.079	0.900	0.084	0.910
Ccnb2	Mcm7	5020959	5015302	10090.ENSMUSP00000034742	10090.ENSMUSP00000000505	0	0	0	0	0.817	0.206	0	0.426	0.909
Prdx6	Tubb4b	5026699	5022360	10090.ENSMUSP00000071636	10090.ENSMUSP00000042342	0	0	0	0	0.077	0.045	0.900	0.094	0.909
Alad	Fech	5019573	5018268	10090.ENSMUSP00000030090	10090.ENSMUSP00000025484	0.193	0	0	0	0.098	0	0	0.884	0.908
Atp5b	Slc25a5	5018551	5016454	10090.ENSMUSP00000026459	10090.ENSMUSP00000016463	0	0	0	0	0.758	0.181	0	0.575	0.908
B9d1	Tubb4b	5031047	5022360	10090.ENSMUSP00000099717	10090.ENSMUSP00000042342	0	0	0	0	0.077	0	0.900	0.082	0.907
Tubb4b	Cyb5r3	5022360	5016564	10090.ENSMUSP00000042342	10090.ENSMUSP00000018186	0	0	0	0	0.062	0	0.900	0.095	0.907
B9d1	Tubb5	5031047	5015428	10090.ENSMUSP00000099717	10090.ENSMUSP00000001566	0	0	0	0	0.060	0	0.900	0.082	0.906
Prdx6	Cct8	5026699	5018627	10090.ENSMUSP00000071636	10090.ENSMUSP00000026704	0	0	0	0	0.082	0	0.900	0.060	0.906
Nt5c3	Ak3	5020102	5018329	10090.ENSMUSP00000031793	10090.ENSMUSP00000025696	0	0	0	0	0.062	0	0.900	0.072	0.905
Psmd1	Cyb5r3	5018807	5016564	10090.ENSMUSP00000027432	10090.ENSMUSP00000018186	0	0	0	0	0.062	0	0.900	0.075	0.905
Ak3	Rrm2	5018329	5017063	10090.ENSMUSP00000025696	10090.ENSMUSP00000020980	0	0	0	0	0.061	0	0.900	0.074	0.905
Pcna	Cdc20	5019171	5015947	10090.ENSMUSP00000028817	10090.ENSMUSP00000006565	0	0	0	0	0.637	0.638	0	0.338	0.905
Prdx6	Tubb5	5026699	5015428	10090.ENSMUSP00000071636	10090.ENSMUSP00000001566	0	0	0	0	0.077	0.045	0.900	0.044	0.904
Mapk1	Pa2g4	5025996	5018538	10090.ENSMUSP00000065983	10090.ENSMUSP00000026425	0	0	0	0	0	0.047	0.900	0.076	0.904
Pa2g4	Cyb5r3	5018538	5016564	10090.ENSMUSP00000026425	10090.ENSMUSP00000018186	0	0	0	0	0.052	0	0.900	0.065	0.903
Nt5c3	Hprt	5020102	5018629	10090.ENSMUSP00000031793	10090.ENSMUSP00000026723	0	0	0	0	0.062	0	0.900	0.055	0.903
Dut	Nt5c3	5028208	5020102	10090.ENSMUSP00000080767	10090.ENSMUSP00000031793	0	0	0	0	0.049	0	0.900	0.063	0.903
Psmd1	Cdc20	5018807	5015947	10090.ENSMUSP00000027432	10090.ENSMUSP00000006565	0	0	0	0	0.062	0	0.900	0.052	0.903
Ccnb2	Mcm4	5020959	5017791	10090.ENSMUSP00000034742	10090.ENSMUSP00000023353	0	0	0	0	0.736	0.222	0	0.566	0.903
Creg1	Cct8	5032472	5018627	10090.ENSMUSP00000107060	10090.ENSMUSP00000026704	0	0	0	0	0	0	0.900	0.065	0.902
Creg1	Mapk1	5032472	5025996	10090.ENSMUSP00000107060	10090.ENSMUSP00000065983	0	0	0	0	0	0	0.900	0.067	0.902
Cyb5r3	Tubb5	5016564	5015428	10090.ENSMUSP00000018186	10090.ENSMUSP00000001566	0	0	0	0	0.062	0	0.900	0.042	0.902
Fzr1	Psmd1	5033721	5018807	10090.ENSMUSP00000114203	10090.ENSMUSP00000027432	0	0	0	0	0.061	0	0.900	0	0.902
Top2a	Mcm7	5026327	5015302	10090.ENSMUSP00000068896	10090.ENSMUSP00000000505	0	0	0	0	0.789	0.047	0	0.551	0.902
Creg1	Tubb4b	5032472	5022360	10090.ENSMUSP00000107060	10090.ENSMUSP00000042342	0	0	0	0	0	0	0.900	0.054	0.901
Prdx6	Psmd1	5026699	5018807	10090.ENSMUSP00000071636	10090.ENSMUSP00000027432	0	0	0	0	0.052	0	0.900	0	0.901
Creg1	Pa2g4	5032472	5018538	10090.ENSMUSP00000107060	10090.ENSMUSP00000026425	0	0	0	0	0	0	0.900	0	0.900
Creg1	Tubb5	5032472	5015428	10090.ENSMUSP00000107060	10090.ENSMUSP00000001566	0	0	0	0	0	0	0.900	0	0.900
Cct8	Cyb5r3	5018627	5016564	10090.ENSMUSP00000026704	10090.ENSMUSP00000018186	0	0	0	0	0	0	0.900	0	0.900
Zbtbd6	Cdc20	5030642	5015947	10090.ENSMUSP00000097929	10090.ENSMUSP00000006565	0	0	0	0	0	0	0.900	0	0.900
Creg1	Cyb5r3	5032472	5016564	10090.ENSMUSP00000107060	10090.ENSMUSP00000018186	0	0	0	0	0	0	0.900	0	0.900
Nt5c3	Tyms	5020102	5018647	10090.ENSMUSP00000031793	10090.ENSMUSP00000026846	0	0	0	0	0	0	0.900	0.049	0.900
B9d1	Mapre1	5031047	5019229	10090.ENSMUSP00000099717	10090.ENSMUSP00000028981	0	0	0	0	0	0	0.900	0	0.900
Fzr1	Zbtbd6	5033721	5030642	10090.ENSMUSP00000114203	10090.ENSMUSP00000097929	0	0	0	0	0	0	0.900	0	0.900
C1qbp	Gp1bb	5027677	5025090	10090.ENSMUSP00000077612	10090.ENSMUSP00000059270	0	0	0	0	0	0	0.900	0	0.900
Creg1	Psmd1	5032472	5018807	10090.ENSMUSP00000107060	10090.ENSMUSP00000027432	0	0	0	0	0	0	0.900	0	0.900
Creg1	Prdx6	5032472	5026699	10090.ENSMUSP00000107060	10090.ENSMUSP00000071636	0	0	0	0	0	0	0.900	0.046	0.900
Rrm1	Cdt1	5020494	5015976	10090.ENSMUSP00000033283	10090.ENSMUSP00000006760	0	0	0	0	0.860	0	0	0.309	0.899
Dut	Prim1	5028208	5018552	10090.ENSMUSP00000080767	10090.ENSMUSP00000026461	0	0	0	0	0.846	0	0	0.366	0.898
Dut	Mcm3	5028208	5025080	10090.ENSMUSP00000080767	10090.ENSMUSP00000059192	0	0	0	0	0.877	0	0	0.192	0.897
Dut	Mcm2	5028208	5025465	10090.ENSMUSP00000080767	10090.ENSMUSP00000061923	0	0	0	0	0.885	0	0	0.145	0.897
Pcna	Tyms	5019171	5018647	10090.ENSMUSP00000028817	10090.ENSMUSP00000026846	0	0	0	0	0.823	0.119	0	0.390	0.896
Dut	Mcm7	5028208	5015302	10090.ENSMUSP00000080767	10090.ENSMUSP00000000505	0	0	0	0	0.878	0	0	0.158	0.893
Pcna	Dnmt1	5019171	5015730	10090.ENSMUSP00000028817	10090.ENSMUSP00000004202	0.151	0	0	0	0.302	0.812	0	0.137	0.891
Mcm5	Top2a	5034671	5026327	10090.ENSMUSP00000126135	10090.ENSMUSP00000068896	0	0	0	0	0.817	0.051	0	0.425	0.891
Eif3b	Abce1	5030666	5027978	10090.ENSMUSP00000098076	10090.ENSMUSP00000079379	0	0	0	0	0.804	0.197	0	0.356	0.890
Tyms	Cdc20	5018647	5015947	10090.ENSMUSP00000026846	10090.ENSMUSP00000006565	0	0	0	0	0.852	0	0	0.286	0.890
Dut	Rrm2	5028208	5017063	10090.ENSMUSP00000080767	10090.ENSMUSP00000020980	0	0	0	0	0.842	0	0	0.333	0.890
Dut	Mcm6	5028208	5018856	10090.ENSMUSP00000080767	10090.ENSMUSP00000027601	0	0	0	0	0.845	0	0	0.312	0.889
Hat1	Mcm4	5032608	5017791	10090.ENSMUSP00000107750	10090.ENSMUSP00000023353	0	0	0	0	0.850	0.215	0	0.125	0.888
Ccnb2	Mcm6	5020959	5018856	10090.ENSMUSP00000034742	10090.ENSMUSP00000027601	0	0	0	0	0.712	0.206	0	0.550	0.888
Cct6a	Hspd1	5019982	5018714	10090.ENSMUSP00000031402	10090.ENSMUSP00000027123	0	0	0	0	0.785	0	0	0.502	0.888
Rsl1d1	Nsun2	5033573	5032184	10090.ENSMUSP00000113431	10090.ENSMUSP00000105321	0	0	0	0	0.807	0.406	0	0.099	0.887
Mcm3	Ccnb2	5025080	5020959	10090.ENSMUSP00000059192	10090.ENSMUSP00000034742	0	0	0	0	0.701	0.206	0	0.560	0.886
Klf1	Gata1	5025797	5020544	10090.ENSMUSP00000064366	10090.ENSMUSP00000033502	0	0	0	0	0.266	0.069	0	0.846	0.886
Dut	Pcna	5028208	5019171	10090.ENSMUSP00000080767	10090.ENSMUSP00000028817	0.171	0	0	0	0.824	0	0	0.276	0.885
Tcp1	Cdc20	5033847	5015947	10090.ENSMUSP00000116108	10090.ENSMUSP00000006565	0	0	0	0	0.084	0.856	0	0.193	0.884
Rpn2	Canx	5033326	5016971	10090.ENSMUSP00000112081	10090.ENSMUSP00000020637	0	0	0	0	0.271	0.728	0	0.438	0.879
Cdc20	Cct3	5015947	5015408	10090.ENSMUSP00000006565	10090.ENSMUSP00000001452	0	0	0	0	0.149	0.856	0	0.084	0.878
Top2a	Mcm4	5026327	5017791	10090.ENSMUSP00000068896	10090.ENSMUSP00000023353	0	0	0	0	0.781	0.047	0	0.465	0.878
Cct6a	Cdc20	5019982	5015947	10090.ENSMUSP00000031402	10090.ENSMUSP00000006565	0	0	0	0	0.062	0.856	0	0.169	0.878
Atp5b	Cs	5018551	5015876	10090.ENSMUSP00000026459	10090.ENSMUSP00000005826	0	0	0	0	0.670	0	0	0.643	0.877
Hspd1	Atp5b	5018714	5018551	10090.ENSMUSP00000027123	10090.ENSMUSP00000026459	0.043	0	0	0	0.525	0.047	0	0.749	0.877
Cct8	Cdc20	5018627	5015947	10090.ENSMUSP00000026704	10090.ENSMUSP00000006565	0	0	0	0	0.106	0.856	0	0.113	0.876
Nsun2	Nop56	5032184	5030927	10090.ENSMUSP00000105321	10090.ENSMUSP00000099487	0	0	0	0	0.812	0.263	0	0.177	0.876
Mcm5	Hat1	5034671	5032608	10090.ENSMUSP00000126135	10090.ENSMUSP00000107750	0	0	0	0	0.788	0.215	0	0.310	0.875
Top2a	Tyms	5026327	5018647	10090.ENSMUSP00000068896	10090.ENSMUSP00000026846	0.122	0	0	0	0.687	0	0	0.583	0.875
Cct7	Cdc20	5020157	5015947	10090.ENSMUSP00000032078	10090.ENSMUSP00000006565	0	0	0	0	0.105	0.856	0	0.112	0.875
Pcna	Uhrf1	5019171	5015393	10090.ENSMUSP00000028817	10090.ENSMUSP00000001258	0.048	0	0	0	0.589	0.707	0	0	0.875
Oat	Nags	5028306	5023673	10090.ENSMUSP00000081544	10090.ENSMUSP00000050258	0.193	0	0	0	0.431	0	0	0.751	0.875
Gata1	Gfi1b	5020544	5019001	10090.ENSMUSP00000033502	10090.ENSMUSP00000028156	0	0	0	0	0.194	0.418	0	0.753	0.874
Idh3a	Dlst	5034921	5025255	10090.ENSMUSP00000127526	10090.ENSMUSP00000060346	0.043	0	0	0	0.458	0.303	0	0.689	0.873
Ccnb2	Cdt1	5020959	5015976	10090.ENSMUSP00000034742	10090.ENSMUSP00000006760	0	0	0	0	0.744	0.197	0	0.430	0.872
Mcm3	Uhrf1	5025080	5015393	10090.ENSMUSP00000059192	10090.ENSMUSP00000001258	0	0	0	0	0.842	0.181	0	0.082	0.871
Rpa2	Dut	5030993	5028208	10090.ENSMUSP00000099621	10090.ENSMUSP00000080767	0	0	0	0	0.856	0	0	0.136	0.870
Nop56	Eif3b	5030927	5030666	10090.ENSMUSP00000099487	10090.ENSMUSP00000098076	0	0	0	0	0.852	0.057	0	0.139	0.869
Prim1	Rrm2	5018552	5017063	10090.ENSMUSP00000026461	10090.ENSMUSP00000020980	0	0	0	0	0.771	0	0	0.447	0.868
Top2a	Rrm1	5026327	5020494	10090.ENSMUSP00000068896	10090.ENSMUSP00000033283	0.050	0	0	0	0.738	0	0	0.507	0.866
Gata1	Myb	5020544	5016834	10090.ENSMUSP00000033502	10090.ENSMUSP00000020158	0	0	0	0	0.098	0.156	0	0.837	0.865
Tcp1	Hspd1	5033847	5018714	10090.ENSMUSP00000116108	10090.ENSMUSP00000027123	0	0	0	0	0.653	0	0	0.624	0.864
Rrm2	Uhrf1	5017063	5015393	10090.ENSMUSP00000020980	10090.ENSMUSP00000001258	0	0	0	0	0.827	0	0	0.245	0.864
Dlst	Cs	5025255	5015876	10090.ENSMUSP00000060346	10090.ENSMUSP00000005826	0.116	0	0	0	0.469	0.264	0	0.651	0.863
Abce1	Gnl3	5027978	5023145	10090.ENSMUSP00000079379	10090.ENSMUSP00000047119	0	0	0	0	0.858	0	0	0.066	0.862
Dlst	Atp5b	5025255	5018551	10090.ENSMUSP00000060346	10090.ENSMUSP00000026459	0.053	0	0	0	0.760	0.197	0	0.323	0.860
Nsun2	Dkc1	5032184	5020634	10090.ENSMUSP00000105321	10090.ENSMUSP00000033776	0.078	0	0	0	0.786	0.094	0	0.300	0.858
Tyms	Mcm7	5018647	5015302	10090.ENSMUSP00000026846	10090.ENSMUSP00000000505	0	0	0	0	0.809	0	0	0.273	0.855
Abce1	Pa2g4	5027978	5018538	10090.ENSMUSP00000079379	10090.ENSMUSP00000026425	0.056	0	0	0	0.816	0	0	0.228	0.854
Ccnb2	Uhrf1	5020959	5015393	10090.ENSMUSP00000034742	10090.ENSMUSP00000001258	0	0	0	0	0.801	0.072	0	0.267	0.853
Hat1	Mcm2	5032608	5025465	10090.ENSMUSP00000107750	10090.ENSMUSP00000061923	0	0	0	0	0.592	0.608	0	0.150	0.852
Dut	Cdt1	5028208	5015976	10090.ENSMUSP00000080767	10090.ENSMUSP00000006760	0	0	0	0	0.831	0	0	0.160	0.852
Ruvbl2	Dkc1	5031801	5020634	10090.ENSMUSP00000103400	10090.ENSMUSP00000033776	0	0	0	0	0.194	0.614	0	0.559	0.851
Gls2	Gclm	5023191	5019475	10090.ENSMUSP00000047376	10090.ENSMUSP00000029769	0	0	0	0	0.062	0	0.800	0.268	0.850
Hjurp	Cdc20	5024308	5015947	10090.ENSMUSP00000054263	10090.ENSMUSP00000006565	0	0	0	0	0.817	0	0	0.210	0.849
Dlst	Cyc1	5025255	5017751	10090.ENSMUSP00000060346	10090.ENSMUSP00000023210	0	0	0	0	0.810	0.120	0	0.168	0.848
Top2a	Hjurp	5026327	5024308	10090.ENSMUSP00000068896	10090.ENSMUSP00000054263	0	0	0	0	0.819	0	0	0.198	0.848
Mcm6	Tyms	5018856	5018647	10090.ENSMUSP00000027601	10090.ENSMUSP00000026846	0	0	0	0	0.771	0.046	0	0.358	0.848
Cbx5	Hdac2	5033519	5016767	10090.ENSMUSP00000113157	10090.ENSMUSP00000019911	0	0	0	0	0.269	0.157	0.720	0.221	0.847
Rrm2	Cdt1	5017063	5015976	10090.ENSMUSP00000020980	10090.ENSMUSP00000006760	0	0	0	0	0.705	0	0	0.501	0.846
Hjurp	Mki67	5024308	5020499	10090.ENSMUSP00000054263	10090.ENSMUSP00000033310	0	0	0	0	0.840	0	0	0.068	0.844
Ccnb2	Rrm1	5020959	5020494	10090.ENSMUSP00000034742	10090.ENSMUSP00000033283	0	0	0	0	0.738	0.047	0	0.415	0.841
Top2a	Mcm2	5026327	5025465	10090.ENSMUSP00000068896	10090.ENSMUSP00000061923	0	0	0	0	0.758	0.047	0	0.363	0.840
Hjurp	Ccnb2	5024308	5020959	10090.ENSMUSP00000054263	10090.ENSMUSP00000034742	0	0	0	0	0.812	0	0	0.180	0.840
Hat1	Mcm3	5032608	5025080	10090.ENSMUSP00000107750	10090.ENSMUSP00000059192	0	0	0	0	0.786	0.215	0	0.126	0.840
Polm	Dut	5032206	5028208	10090.ENSMUSP00000105463	10090.ENSMUSP00000080767	0	0	0	0	0	0	0	0.839	0.839
Oat	Srm	5028306	5015951	10090.ENSMUSP00000081544	10090.ENSMUSP00000006611	0	0	0	0	0.062	0	0	0.828	0.832
Hjurp	Rrm2	5024308	5017063	10090.ENSMUSP00000054263	10090.ENSMUSP00000020980	0	0	0	0	0.813	0	0	0.136	0.832
Dut	Dnajc9	5028208	5017485	10090.ENSMUSP00000080767	10090.ENSMUSP00000022345	0	0	0	0	0.828	0	0	0.064	0.832
Cenpa	Top2a	5034288	5026327	10090.ENSMUSP00000122831	10090.ENSMUSP00000068896	0	0	0	0	0.635	0.197	0	0.462	0.828
Immt	Atp5b	5026015	5018551	10090.ENSMUSP00000066181	10090.ENSMUSP00000026459	0	0	0	0	0.721	0.062	0	0.392	0.827
Eif3b	Pa2g4	5030666	5018538	10090.ENSMUSP00000098076	10090.ENSMUSP00000026425	0	0	0	0	0.824	0.049	0	0.050	0.827
Cct6a	Stip1	5019982	5018405	10090.ENSMUSP00000031402	10090.ENSMUSP00000025918	0	0	0	0	0.352	0.045	0.720	0.110	0.825
Pcna	Rrm2	5019171	5017063	10090.ENSMUSP00000028817	10090.ENSMUSP00000020980	0	0	0	0	0.795	0	0	0.184	0.825
Ldha	Sdsl	5031780	5024911	10090.ENSMUSP00000103267	10090.ENSMUSP00000058198	0	0	0	0	0.062	0	0.800	0.137	0.823
Hspd1	Dnajb1	5018714	5015854	10090.ENSMUSP00000027123	10090.ENSMUSP00000005620	0.043	0	0	0	0.436	0.117	0	0.671	0.822
Stip1	Hspa9	5018405	5018181	10090.ENSMUSP00000025918	10090.ENSMUSP00000025217	0	0	0	0	0.543	0.175	0	0.565	0.822
Fh1	Atp5b	5018909	5018551	10090.ENSMUSP00000027810	10090.ENSMUSP00000026459	0	0	0	0	0.748	0.048	0	0.315	0.821
Pcna	Cdt1	5019171	5015976	10090.ENSMUSP00000028817	10090.ENSMUSP00000006760	0	0	0	0	0.564	0.453	0	0.308	0.820
Abce1	Hars	5027978	5015405	10090.ENSMUSP00000079379	10090.ENSMUSP00000001416	0	0	0	0	0.484	0.665	0	0.045	0.820
Pcx	Fh1	5025733	5018909	10090.ENSMUSP00000063825	10090.ENSMUSP00000027810	0.042	0	0	0	0.062	0.230	0	0.771	0.820
Rpa2	Rrm2	5030993	5017063	10090.ENSMUSP00000099621	10090.ENSMUSP00000020980	0	0	0	0	0.751	0	0	0.306	0.820
Nsun2	Eif3b	5032184	5030666	10090.ENSMUSP00000105321	10090.ENSMUSP00000098076	0	0	0	0	0.797	0	0	0.138	0.818
Eif3b	Cct7	5030666	5020157	10090.ENSMUSP00000098076	10090.ENSMUSP00000032078	0	0	0	0	0.794	0	0	0.145	0.817
Cct7	Pa2g4	5020157	5018538	10090.ENSMUSP00000032078	10090.ENSMUSP00000026425	0.059	0	0	0	0.785	0.045	0	0.159	0.816
Abce1	Hspd1	5027978	5018714	10090.ENSMUSP00000079379	10090.ENSMUSP00000027123	0	0	0	0	0.808	0	0	0.075	0.815
Hat1	Prim1	5032608	5018552	10090.ENSMUSP00000107750	10090.ENSMUSP00000026461	0	0	0	0	0.791	0	0	0.146	0.814
Dkc1	Pa2g4	5020634	5018538	10090.ENSMUSP00000033776	10090.ENSMUSP00000026425	0.042	0	0	0	0.791	0.048	0	0.133	0.813
Hat1	Mcm7	5032608	5015302	10090.ENSMUSP00000107750	10090.ENSMUSP00000000505	0	0	0	0	0.744	0.215	0	0.142	0.813
Fam83d	Cdc20	5019290	5015947	10090.ENSMUSP00000029183	10090.ENSMUSP00000006565	0	0	0	0	0.778	0.046	0	0.188	0.813
Dut	Mki67	5028208	5020499	10090.ENSMUSP00000080767	10090.ENSMUSP00000033310	0	0	0	0	0.203	0	0	0.774	0.812
Pcx	Mthfd1	5025733	5017208	10090.ENSMUSP00000063825	10090.ENSMUSP00000021443	0	0	0	0	0.142	0.690	0	0.346	0.811
Mcm4	Uhrf1	5017791	5015393	10090.ENSMUSP00000023353	10090.ENSMUSP00000001258	0	0	0	0	0.772	0.072	0	0.176	0.811
Stip1	Cacybp	5018405	5016297	10090.ENSMUSP00000025918	10090.ENSMUSP00000014370	0	0	0	0	0.768	0.152	0	0.097	0.807
Farsb	Abce1	5035347	5027978	10090.ENSMUSP00000129828	10090.ENSMUSP00000079379	0	0	0	0	0.807	0	0	0	0.807
Ccnb2	Tyms	5020959	5018647	10090.ENSMUSP00000034742	10090.ENSMUSP00000026846	0	0	0	0	0.761	0	0	0.220	0.806
Tipin	Pcna	5021037	5019171	10090.ENSMUSP00000034964	10090.ENSMUSP00000028817	0	0	0	0	0.723	0.050	0	0.319	0.805
Ruvbl2	Nop56	5031801	5030927	10090.ENSMUSP00000103400	10090.ENSMUSP00000099487	0	0	0	0	0.369	0.255	0	0.616	0.804
Abce1	Cct3	5027978	5015408	10090.ENSMUSP00000079379	10090.ENSMUSP00000001452	0	0	0	0	0.796	0	0	0.075	0.803
Mcm5	Dnmt1	5034671	5015730	10090.ENSMUSP00000126135	10090.ENSMUSP00000004202	0	0	0	0	0.787	0	0	0.104	0.801
Mki67	Uhrf1	5020499	5015393	10090.ENSMUSP00000033310	10090.ENSMUSP00000001258	0	0	0	0	0.765	0	0	0.184	0.800
Uhrf1	Mcm7	5015393	5015302	10090.ENSMUSP00000001258	10090.ENSMUSP00000000505	0	0	0	0	0.746	0.072	0	0.217	0.799
Cct7	Hspa9	5020157	5018181	10090.ENSMUSP00000032078	10090.ENSMUSP00000025217	0.045	0	0	0	0.512	0.232	0	0.502	0.798
Mcm2	Dnmt1	5025465	5015730	10090.ENSMUSP00000061923	10090.ENSMUSP00000004202	0	0	0	0	0.784	0	0	0.092	0.796
Top2a	Mcm6	5026327	5018856	10090.ENSMUSP00000068896	10090.ENSMUSP00000027601	0	0	0	0	0.581	0.047	0	0.531	0.796
Dnaja4	Hspa9	5026517	5018181	10090.ENSMUSP00000070413	10090.ENSMUSP00000025217	0.043	0	0.425	0	0.145	0.201	0	0.539	0.795
Top2a	Fam83d	5026327	5019290	10090.ENSMUSP00000068896	10090.ENSMUSP00000029183	0	0	0	0	0.744	0	0	0.234	0.795
Mcm3	Mki67	5025080	5020499	10090.ENSMUSP00000059192	10090.ENSMUSP00000033310	0	0	0	0	0.689	0	0	0.370	0.795
Hspd1	Cct8	5018714	5018627	10090.ENSMUSP00000027123	10090.ENSMUSP00000026704	0	0	0	0	0.363	0.354	0	0.540	0.794
Alad	Atp5b	5019573	5018551	10090.ENSMUSP00000030090	10090.ENSMUSP00000026459	0	0.729	0	0	0.112	0.069	0	0.184	0.793
Bag2	Stip1	5022305	5018405	10090.ENSMUSP00000042009	10090.ENSMUSP00000025918	0	0	0	0	0.061	0.056	0.720	0.261	0.792
Abce1	Rars	5027978	5016654	10090.ENSMUSP00000079379	10090.ENSMUSP00000018992	0	0	0	0	0.790	0	0	0	0.790
Mcm5	Mki67	5034671	5020499	10090.ENSMUSP00000126135	10090.ENSMUSP00000033310	0	0	0	0	0.669	0	0	0.392	0.790
Farsb	Eif3b	5035347	5030666	10090.ENSMUSP00000129828	10090.ENSMUSP00000098076	0	0	0	0	0.714	0.258	0	0.083	0.788
Dnajc9	Mcm7	5017485	5015302	10090.ENSMUSP00000022345	10090.ENSMUSP00000000505	0	0	0	0	0.784	0	0	0.056	0.787
Idh3a	Sdha	5034921	5017394	10090.ENSMUSP00000127526	10090.ENSMUSP00000022062	0.162	0	0	0	0.213	0.045	0	0.701	0.787
Dut	Ccnb2	5028208	5020959	10090.ENSMUSP00000080767	10090.ENSMUSP00000034742	0	0	0	0	0.754	0	0	0.152	0.782
Mcm5	Cenpa	5034671	5034288	10090.ENSMUSP00000126135	10090.ENSMUSP00000122831	0	0	0	0	0.609	0.198	0	0.350	0.779
Rpa2	Tyms	5030993	5018647	10090.ENSMUSP00000099621	10090.ENSMUSP00000026846	0	0	0	0	0.758	0	0	0.116	0.777
Atp5b	Hspa9	5018551	5018181	10090.ENSMUSP00000026459	10090.ENSMUSP00000025217	0	0	0	0	0.231	0	0	0.720	0.775
Pcx	Cct3	5025733	5015408	10090.ENSMUSP00000063825	10090.ENSMUSP00000001452	0	0	0	0	0.062	0.745	0	0.137	0.775
Dlst	Uqcrc1	5025255	5018631	10090.ENSMUSP00000060346	10090.ENSMUSP00000026743	0	0	0	0	0.662	0	0	0.359	0.774
Nsun2	Gnl3	5032184	5023145	10090.ENSMUSP00000105321	10090.ENSMUSP00000047119	0	0	0	0	0.696	0.244	0	0.092	0.773
Ldha	Cs	5031780	5015876	10090.ENSMUSP00000103267	10090.ENSMUSP00000005826	0.085	0	0	0	0.292	0.128	0	0.639	0.769
Pcx	Cct6a	5025733	5019982	10090.ENSMUSP00000063825	10090.ENSMUSP00000031402	0	0	0	0	0.049	0.741	0	0.137	0.768
Mcm2	Dnajc9	5025465	5017485	10090.ENSMUSP00000061923	10090.ENSMUSP00000022345	0	0	0	0	0.766	0	0	0	0.766
Rpn1	Canx	5020176	5016971	10090.ENSMUSP00000032143	10090.ENSMUSP00000020637	0	0	0	0	0.183	0.179	0	0.670	0.759
Mki67	Mcm6	5020499	5018856	10090.ENSMUSP00000033310	10090.ENSMUSP00000027601	0	0	0	0	0.641	0	0	0.353	0.758
Farsa	Hars	5015698	5015405	10090.ENSMUSP00000003906	10090.ENSMUSP00000001416	0.076	0	0	0	0.490	0.049	0	0.524	0.758
Mapre1	Sumo3	5019229	5016933	10090.ENSMUSP00000028981	10090.ENSMUSP00000020501	0	0	0	0	0.062	0.745	0	0.068	0.757
Bag2	Dnajb1	5022305	5015854	10090.ENSMUSP00000042009	10090.ENSMUSP00000005620	0	0	0	0	0.062	0.350	0	0.633	0.757
Bap18	Ruvbl2	5031978	5031801	10090.ENSMUSP00000104216	10090.ENSMUSP00000103400	0	0	0	0	0.161	0	0.720	0	0.755
Fzr1	Rrm2	5033721	5017063	10090.ENSMUSP00000114203	10090.ENSMUSP00000020980	0	0	0	0	0.166	0.676	0	0.161	0.753
Bap1	Hdac2	5017505	5016767	10090.ENSMUSP00000022458	10090.ENSMUSP00000019911	0	0	0	0	0.087	0	0.720	0.101	0.750
Prim1	Dnajc9	5018552	5017485	10090.ENSMUSP00000026461	10090.ENSMUSP00000022345	0	0	0	0	0.730	0	0	0.107	0.749
Cct6a	Rars	5019982	5016654	10090.ENSMUSP00000031402	10090.ENSMUSP00000018992	0	0	0	0	0.727	0	0	0.118	0.749
Tcp1	Bag2	5033847	5022305	10090.ENSMUSP00000116108	10090.ENSMUSP00000042009	0	0	0	0	0.090	0	0.720	0.092	0.748
Cdt1	Uhrf1	5015976	5015393	10090.ENSMUSP00000006760	10090.ENSMUSP00000001258	0	0	0	0	0.713	0	0	0.149	0.746
Mcm2	Mki67	5025465	5020499	10090.ENSMUSP00000061923	10090.ENSMUSP00000033310	0	0	0	0	0.652	0	0	0.299	0.746
Ccnb2	Pcna	5020959	5019171	10090.ENSMUSP00000034742	10090.ENSMUSP00000028817	0	0	0	0	0.590	0.201	0	0.278	0.743
Tcp1	Pa2g4	5033847	5018538	10090.ENSMUSP00000116108	10090.ENSMUSP00000026425	0.059	0	0	0	0.645	0.045	0	0.288	0.742
Bag2	Cct3	5022305	5015408	10090.ENSMUSP00000042009	10090.ENSMUSP00000001452	0	0	0	0	0.061	0	0.720	0.096	0.741
Bag2	Cct8	5022305	5018627	10090.ENSMUSP00000042009	10090.ENSMUSP00000026704	0	0	0	0	0.061	0	0.720	0.096	0.741
Bag2	Cct7	5022305	5020157	10090.ENSMUSP00000042009	10090.ENSMUSP00000032078	0	0	0	0	0.098	0	0.720	0.056	0.740
Rrm1	Uhrf1	5020494	5015393	10090.ENSMUSP00000033283	10090.ENSMUSP00000001258	0	0	0	0	0.722	0	0	0.105	0.740
Bag2	Cct6a	5022305	5019982	10090.ENSMUSP00000042009	10090.ENSMUSP00000031402	0	0	0	0	0.062	0	0.720	0.082	0.738
Mcm3	Nup62	5025080	5024704	10090.ENSMUSP00000059192	10090.ENSMUSP00000056785	0	0	0	0	0.230	0.674	0	0	0.738
Hat1	Ttc4	5032608	5018561	10090.ENSMUSP00000107750	10090.ENSMUSP00000026480	0	0	0	0	0.062	0.732	0	0	0.737
Hspa9	Canx	5018181	5016971	10090.ENSMUSP00000025217	10090.ENSMUSP00000020637	0	0	0	0	0.168	0.226	0	0.624	0.737
Rrm1	Dnajc9	5020494	5017485	10090.ENSMUSP00000033283	10090.ENSMUSP00000022345	0	0	0	0	0.733	0	0	0	0.733
Mcm6	Uhrf1	5018856	5015393	10090.ENSMUSP00000027601	10090.ENSMUSP00000001258	0	0	0	0	0.666	0.072	0	0.199	0.730
Mki67	Mcm7	5020499	5015302	10090.ENSMUSP00000033310	10090.ENSMUSP00000000505	0	0	0	0	0.613	0	0	0.332	0.730
Nop56	Cct3	5030927	5015408	10090.ENSMUSP00000099487	10090.ENSMUSP00000001452	0	0	0	0	0.723	0	0	0.059	0.728
Pcx	Canx	5025733	5016971	10090.ENSMUSP00000063825	10090.ENSMUSP00000020637	0	0	0	0	0	0.701	0	0.128	0.728
Hat1	Pcna	5032608	5019171	10090.ENSMUSP00000107750	10090.ENSMUSP00000028817	0	0	0	0	0.725	0	0	0	0.725
Polm	Pcna	5032206	5019171	10090.ENSMUSP00000105463	10090.ENSMUSP00000028817	0	0	0	0	0	0.665	0	0.214	0.725
Ccnb2	Fam83d	5020959	5019290	10090.ENSMUSP00000034742	10090.ENSMUSP00000029183	0	0	0	0	0.667	0	0	0.202	0.723
Fzr1	Cct3	5033721	5015408	10090.ENSMUSP00000114203	10090.ENSMUSP00000001452	0	0	0	0	0.069	0.667	0	0.178	0.723
Nop56	Ddx39	5030927	5016727	10090.ENSMUSP00000099487	10090.ENSMUSP00000019576	0.052	0	0	0	0.561	0.258	0	0.206	0.722
Tipin	Cdt1	5021037	5015976	10090.ENSMUSP00000034964	10090.ENSMUSP00000006760	0	0	0	0	0.482	0	0	0.486	0.722
Farsb	Rars	5035347	5016654	10090.ENSMUSP00000129828	10090.ENSMUSP00000018992	0.139	0	0	0	0.601	0.047	0	0.247	0.721
Cyc1	Cs	5017751	5015876	10090.ENSMUSP00000023210	10090.ENSMUSP00000005826	0	0	0	0	0.400	0.047	0	0.551	0.721
Vps35	Ttc4	5020747	5018561	10090.ENSMUSP00000034131	10090.ENSMUSP00000026480	0	0	0	0	0.061	0.712	0	0	0.718
Nop56	Sf3b3	5030927	5022798	10090.ENSMUSP00000099487	10090.ENSMUSP00000045073	0	0	0	0	0.351	0.544	0	0.125	0.718
Cct6a	Pa2g4	5019982	5018538	10090.ENSMUSP00000031402	10090.ENSMUSP00000026425	0.059	0	0	0	0.689	0.045	0	0.106	0.716
Hat1	Dnajc9	5032608	5017485	10090.ENSMUSP00000107750	10090.ENSMUSP00000022345	0	0	0	0	0.716	0	0	0	0.716
Pa2g4	Cct3	5018538	5015408	10090.ENSMUSP00000026425	10090.ENSMUSP00000001452	0.059	0	0	0	0.689	0.045	0	0.103	0.716
Tcp1	Eif3b	5033847	5030666	10090.ENSMUSP00000116108	10090.ENSMUSP00000098076	0	0	0	0	0.681	0	0	0.141	0.714
Nop56	Cct6a	5030927	5019982	10090.ENSMUSP00000099487	10090.ENSMUSP00000031402	0	0	0	0	0.695	0	0	0.101	0.714
Dut	Cdc20	5028208	5015947	10090.ENSMUSP00000080767	10090.ENSMUSP00000006565	0.043	0	0	0	0.691	0	0	0.110	0.714
Tcp1	Nop56	5033847	5030927	10090.ENSMUSP00000116108	10090.ENSMUSP00000099487	0	0	0	0	0.702	0.046	0	0.071	0.713
Gfi1b	Hdac2	5019001	5016767	10090.ENSMUSP00000028156	10090.ENSMUSP00000019911	0	0	0	0	0	0.586	0	0.334	0.713
Eif3b	Ppm1g	5030666	5019852	10090.ENSMUSP00000098076	10090.ENSMUSP00000031032	0	0	0	0	0.712	0	0	0	0.712
Metap2	Rars	5036796	5016654	10090.ENSMUSP00000138006	10090.ENSMUSP00000018992	0.043	0	0	0	0.698	0	0	0.083	0.712
Mcm5	Dnajc9	5034671	5017485	10090.ENSMUSP00000126135	10090.ENSMUSP00000022345	0	0	0	0	0.712	0	0	0	0.712
Rars	Hars	5016654	5015405	10090.ENSMUSP00000018992	10090.ENSMUSP00000001416	0.094	0	0	0	0.224	0	0	0.623	0.711
Dnmt1	Mcm7	5015730	5015302	10090.ENSMUSP00000004202	10090.ENSMUSP00000000505	0	0	0	0	0.632	0	0	0.248	0.711
Dut	Ddx39	5028208	5016727	10090.ENSMUSP00000080767	10090.ENSMUSP00000019576	0.043	0	0	0	0.704	0	0	0.055	0.709
Prim1	Cdt1	5018552	5015976	10090.ENSMUSP00000026461	10090.ENSMUSP00000006760	0	0	0	0	0.562	0	0	0.361	0.708
Tcp1	Fzr1	5033847	5033721	10090.ENSMUSP00000116108	10090.ENSMUSP00000114203	0	0	0	0	0	0.691	0	0.088	0.706
Idh3a	Uqcrc1	5034921	5018631	10090.ENSMUSP00000127526	10090.ENSMUSP00000026743	0	0	0	0	0.519	0.090	0	0.380	0.705
Tcp1	Hspa9	5033847	5018181	10090.ENSMUSP00000116108	10090.ENSMUSP00000025217	0.045	0	0	0	0.451	0.232	0	0.352	0.704
Uqcrc1	Cs	5018631	5015876	10090.ENSMUSP00000026743	10090.ENSMUSP00000005826	0	0	0	0	0.359	0	0	0.555	0.702
C1qbp	Hspd1	5027677	5018714	10090.ENSMUSP00000077612	10090.ENSMUSP00000027123	0	0	0	0	0.681	0.101	0	0	0.701
Rpn2	Pcx	5033326	5025733	10090.ENSMUSP00000112081	10090.ENSMUSP00000063825	0	0	0	0	0	0.701	0	0	0.701
